type,n,threshold,usec
random,500,0,125.8
random,600,0,155.4
random,700,0,176
random,800,0,199.8
random,900,0,231
random,1000,0,256.8
random,1100,0,297.6
random,1200,0,314.8
random,1300,0,348.2
random,1400,0,376.8
random,1500,0,436.6
random,1600,0,454.6
random,1700,0,482
random,1800,0,505
random,1900,0,484.2
random,2000,0,496.6
random,2100,0,527.8
random,2200,0,563.4
random,2300,0,590.2
random,2400,0,630.4
random,2500,0,652.4
random,2600,0,692
random,2700,0,727.2
random,2800,0,768.4
random,2900,0,784.8
random,3000,0,809
random,3100,0,839.2
random,3200,0,868
random,3300,0,900.2
random,3400,0,930.8
random,3500,0,957
random,3600,0,974.8
random,3700,0,992.4
random,3800,0,1026.4
random,3900,0,1065
random,4000,0,1086
random,4100,0,1099.6
random,4200,0,1144.4
random,4300,0,1173.8
random,4400,0,1197
random,4500,0,1236.4
random,4600,0,1263.2
random,4700,0,1301
random,4800,0,1328.4
random,4900,0,1467.8
random,5000,0,1450.2
random,5100,0,1427.6
random,5200,0,1427.6
random,5300,0,1484.2
random,5400,0,1580
random,5500,0,1698.6
random,5600,0,1716.2
random,5700,0,1879.4
random,5800,0,1660
random,5900,0,1690.6
random,6000,0,1718.8
random,6100,0,1739.2
random,6200,0,1772.2
random,6300,0,1787.8
random,6400,0,1816.8
random,6500,0,1840.6
random,6600,0,1995.2
random,6700,0,2020
random,6800,0,2020.2
random,6900,0,2009.6
random,7000,0,2010.2
random,7100,0,2046.8
random,7200,0,2066.2
random,7300,0,2107.8
random,7400,0,2128
random,7500,0,2161.2
random,7600,0,2279.4
random,7700,0,2266.6
random,7800,0,2291.8
random,7900,0,2300
random,8000,0,2320.2
random,8100,0,2335.6
random,8200,0,2337
random,8300,0,2418.2
random,8400,0,2490.2
random,8500,0,2413.2
random,8600,0,2474.6
random,8700,0,2510.4
random,8800,0,2558.8
random,8900,0,2596.8
random,9000,0,2612.8
random,9100,0,2650
random,9200,0,2690.6
random,9300,0,2712.2
random,9400,0,2737.2
random,9500,0,2771.8
random,9600,0,2808.4
random,9700,0,2844.4
random,9800,0,2870.6
random,9900,0,2904.8
random,10000,0,2941
random,10100,0,2963.4
random,10200,0,2982.4
random,10300,0,3024.8
random,10400,0,3053.6
random,10500,0,3093.8
random,10600,0,3116.2
random,10700,0,3162.2
random,10800,0,3189.4
random,10900,0,3219.4
random,11000,0,3254.8
random,11100,0,3296.4
random,11200,0,3315.8
random,11300,0,3348.2
random,11400,0,3371.6
random,11500,0,3410.4
random,11600,0,3447.6
random,11700,0,3471
random,11800,0,3493.6
random,11900,0,3535.4
random,12000,0,3590.6
random,12100,0,3624.8
random,12200,0,3635.4
random,12300,0,3700.4
random,12400,0,3720
random,12500,0,3753.4
random,12600,0,3780.6
random,12700,0,3804.8
random,12800,0,3826.6
random,12900,0,3856.2
random,13000,0,3882.8
random,13100,0,3924.4
random,13200,0,3936.8
random,13300,0,4002.2
random,13400,0,4083.4
random,13500,0,4032.2
random,13600,0,4101.8
random,13700,0,4138.4
random,13800,0,4163.2
random,13900,0,4212
random,14000,0,4233.2
random,14100,0,4250.8
random,14200,0,4296.6
random,14300,0,4318
random,14400,0,4353.2
random,14500,0,4388
random,14600,0,4424.4
random,14700,0,4466
random,14800,0,4482
random,14900,0,4509
random,15000,0,4548.6
random,15100,0,4566.6
random,15200,0,4613.2
random,15300,0,4651.6
random,15400,0,4680.6
random,15500,0,4775.8
random,15600,0,4811.2
random,15700,0,4836.4
random,15800,0,4943.6
random,15900,0,4857
random,16000,0,4866.2
random,16100,0,4901.6
random,16200,0,5015.2
random,16300,0,4957.4
random,16400,0,5011.6
random,16500,0,5049.4
random,16600,0,5070.4
random,16700,0,5121.8
random,16800,0,5160
random,16900,0,5169.8
random,17000,0,5237.8
random,17100,0,5340.2
random,17200,0,5316.4
random,17300,0,5368.8
random,17400,0,5382.8
random,17500,0,5426.6
random,17600,0,5554.8
random,17700,0,5576
random,17800,0,5563.6
random,17900,0,5549.2
random,18000,0,5581.6
random,18100,0,5611.4
random,18200,0,5644.2
random,18300,0,5665.6
random,18400,0,5705
random,18500,0,5744
random,18600,0,5776.2
random,18700,0,5837
random,18800,0,5888
random,18900,0,5933.6
random,19000,0,6350.6
random,19100,0,6342.8
random,19200,0,6347.2
random,19300,0,6399.4
random,19400,0,6381
random,19500,0,6423.4
random,19600,0,6443.6
random,19700,0,6121.2
random,19800,0,6218.6
random,19900,0,6279.4
random,20000,0,6266.8
random,20100,0,6348.4
random,20200,0,6576
random,20300,0,6934.6
random,20400,0,6738.4
random,20500,0,6522
random,20600,0,6482.6
random,20700,0,6515.8
random,20800,0,6531.2
random,20900,0,6555.8
random,21000,0,6611.8
random,21100,0,6676.6
random,21200,0,6729.2
random,21300,0,6885
random,21400,0,6785.8
random,21500,0,6816
random,21600,0,6858.4
random,21700,0,6916.2
random,21800,0,21119.2
random,21900,0,7563.6
random,22000,0,7507.2
random,22100,0,7632.8
random,22200,0,7366
random,22300,0,7290
random,22400,0,7425.6
random,22500,0,7712.4
random,22600,0,7504.4
random,22700,0,7245.4
random,22800,0,7305.6
random,22900,0,7360.2
random,23000,0,7344.2
random,23100,0,7364
random,23200,0,7361
random,23300,0,7808.8
random,23400,0,7722
random,23500,0,7748
random,23600,0,7773.8
random,23700,0,7809.4
random,23800,0,7943.6
random,23900,0,7520.6
random,24000,0,7509
random,24100,0,7571.4
random,24200,0,7593.2
random,24300,0,7641.6
random,24400,0,7681.8
random,24500,0,7704
random,24600,0,7730.4
random,24700,0,7770.4
random,24800,0,7908.8
random,24900,0,7889
random,25000,0,7893.4
random,25100,0,7941.2
random,25200,0,7965
random,25300,0,7973.2
random,25400,0,8051
random,25500,0,8081.4
random,25600,0,8104.2
random,25700,0,8108.4
random,25800,0,8138.4
random,25900,0,8172.2
random,26000,0,8209.2
random,26100,0,8240.4
random,26200,0,8273.4
random,26300,0,8322.4
random,26400,0,8366.4
random,26500,0,9407.6
random,26600,0,9121.4
random,26700,0,8849.2
random,26800,0,8793.8
random,26900,0,8765.2
random,27000,0,8782.6
random,27100,0,9071.6
random,27200,0,8974.4
random,27300,0,8838
random,27400,0,8841.4
random,27500,0,8850.6
random,27600,0,8908.8
random,27700,0,9137.4
random,27800,0,9042.6
random,27900,0,8997.6
random,28000,0,9081.4
random,28100,0,9043.6
random,28200,0,9055.2
random,28300,0,9093.2
random,28400,0,9098.6
random,28500,0,9137
random,28600,0,9174.6
random,28700,0,9206.4
random,28800,0,9226
random,28900,0,9333
random,29000,0,9308.8
random,29100,0,9357.6
random,29200,0,9453.2
random,29300,0,9543.4
random,29400,0,9445.6
random,29500,0,9473.8
random,29600,0,9512
random,29700,0,9542.8
random,29800,0,9924
random,29900,0,10057.8
random,30000,0,10130.4
random,30100,0,9974.8
random,30200,0,10250.6
random,30300,0,10106.8
random,30400,0,10115.6
random,30500,0,10225.2
random,30600,0,10168.4
random,30700,0,10207
random,30800,0,10338.8
random,30900,0,10452.4
random,31000,0,10430.2
random,31100,0,10477
random,31200,0,10400.2
random,31300,0,10422.2
random,31400,0,10594.2
random,31500,0,10492.2
random,31600,0,10569.8
random,31700,0,11020
random,31800,0,10718.6
random,31900,0,10807.2
random,32000,0,10736.4
random,32100,0,10713.2
random,32200,0,10714.6
random,32300,0,10806
random,32400,0,10802.4
random,32500,0,10827.8
random,32600,0,10851.4
random,32700,0,10888.6
random,32800,0,11531.6
random,32900,0,11272.8
random,33000,0,11033.2
random,33100,0,11149.6
random,33200,0,10904
random,33300,0,10855
random,33400,0,10899.6
random,33500,0,10978.8
random,33600,0,10968
random,33700,0,11105.8
random,33800,0,11024.4
random,33900,0,11048.8
random,34000,0,11140.8
random,34100,0,11149
random,34200,0,11197.8
random,34300,0,11199.6
random,34400,0,11241.6
random,34500,0,11226
random,34600,0,11280.6
random,34700,0,11364.6
random,34800,0,11359.4
random,34900,0,11387.4
random,35000,0,11412.4
random,35100,0,11338.2
random,35200,0,11535.2
random,35300,0,11576.6
random,35400,0,11615.2
random,35500,0,11668
random,35600,0,11707.2
random,35700,0,11724.8
random,35800,0,11782
random,35900,0,11783.8
random,36000,0,11807
random,36100,0,11823.2
random,36200,0,11871
random,36300,0,11929.2
random,36400,0,11967.2
random,36500,0,12020.4
random,36600,0,12028.2
random,36700,0,12387.4
random,36800,0,12540
random,36900,0,12524.4
random,37000,0,12551.6
random,37100,0,12261.2
random,37200,0,12712.4
random,37300,0,12193.6
random,37400,0,12316.2
random,37500,0,12467.6
random,37600,0,12459.8
random,37700,0,12529.4
random,37800,0,12521.8
random,37900,0,12696.4
random,38000,0,12657.4
random,38100,0,12638
random,38200,0,12665.8
random,38300,0,12714
random,38400,0,12728.4
random,38500,0,12779.4
random,38600,0,12828
random,38700,0,12858
random,38800,0,12867.6
random,38900,0,12905.6
random,39000,0,12958.8
random,39100,0,12992.6
random,39200,0,13115.4
random,39300,0,13080
random,39400,0,13075.6
random,39500,0,13115.2
random,39600,0,13492.8
random,39700,0,13080.2
random,39800,0,13228
random,39900,0,13284.2
random,40000,0,13429.8
random,40100,0,13349.4
random,40200,0,13367
random,40300,0,13381.6
random,40400,0,13439
random,40500,0,13501.4
random,40600,0,13576.4
random,40700,0,13548.4
random,40800,0,13561.4
random,40900,0,13598.6
random,41000,0,13641.6
random,41100,0,13760.4
random,41200,0,13727.2
random,41300,0,13749.4
random,41400,0,13771.2
random,41500,0,13822.6
random,41600,0,13853.2
random,41700,0,13889.8
random,41800,0,13914.2
random,41900,0,13939.4
random,42000,0,14009
random,42100,0,14059.8
random,42200,0,14099
random,42300,0,14269
random,42400,0,14168.8
random,42500,0,14200.8
random,42600,0,14236.8
random,42700,0,14261
random,42800,0,14290.4
random,42900,0,14369.6
random,43000,0,14357.4
random,43100,0,14462.4
random,43200,0,14452.8
random,43300,0,14603.2
random,43400,0,14579.8
random,43500,0,14594.2
random,43600,0,14623.6
random,43700,0,14610.6
random,43800,0,14638.4
random,43900,0,14677
random,44000,0,14835
random,44100,0,14928.2
random,44200,0,14951.6
random,44300,0,14872.8
random,44400,0,14916.2
random,44500,0,14963.4
random,44600,0,15089.6
random,44700,0,15028.6
random,44800,0,15036.8
random,44900,0,15099.2
random,45000,0,15124.6
random,45100,0,15221.8
random,45200,0,15262
random,45300,0,15219
random,45400,0,15261
random,45500,0,15319.2
random,45600,0,16241.6
random,45700,0,15808.4
random,45800,0,15918.8
random,45900,0,15895.2
random,46000,0,15906.2
random,46100,0,15933.8
random,46200,0,15913.2
random,46300,0,16027.2
random,46400,0,16770.6
random,46500,0,15774.2
random,46600,0,15766
random,46700,0,15775.8
random,46800,0,15811.2
random,46900,0,15970.4
random,47000,0,15882.2
random,47100,0,16692.8
random,47200,0,16015.4
random,47300,0,15960.6
random,47400,0,15976.6
random,47500,0,22274.4
random,47600,0,16334.6
random,47700,0,17784.4
random,47800,0,20590.4
random,47900,0,16623.8
random,48000,0,17631
random,48100,0,17199.8
random,48200,0,17144.6
random,48300,0,16963
random,48400,0,18011.2
random,48500,0,17615.6
random,48600,0,18068.8
random,48700,0,16914.6
random,48800,0,17703.2
random,48900,0,19066.4
random,49000,0,19058
random,49100,0,16657.8
random,49200,0,16632
random,49300,0,16642
random,49400,0,16633.2
random,49500,0,16778.4
random,49600,0,16817.4
random,49700,0,16712.6
random,49800,0,16710.6
random,49900,0,17147
random,50000,0,16862.4
random,50100,0,16871.2
random,50200,0,16935.4
random,50300,0,16907.8
random,50400,0,16924.8
random,50500,0,16972.8
random,50600,0,17047.2
random,50700,0,17044.6
random,50800,0,17196.4
random,50900,0,17155.6
random,51000,0,17170.8
random,51100,0,17167.8
random,51200,0,17209.6
random,51300,0,17276.8
random,51400,0,17273.2
random,51500,0,17301.6
random,51600,0,17356
random,51700,0,17383
random,51800,0,17384.2
random,51900,0,17429.8
random,52000,0,17460.8
random,52100,0,17488
random,52200,0,17562.6
random,52300,0,17943.6
random,52400,0,17827.8
random,52500,0,17847.8
random,52600,0,17920.2
random,52700,0,17917.2
random,52800,0,18073
random,52900,0,18033.6
random,53000,0,18026.8
random,53100,0,18053
random,53200,0,18117.4
random,53300,0,18141.4
random,53400,0,18316.6
random,53500,0,18260
random,53600,0,18290.8
random,53700,0,18341
random,53800,0,18349.8
random,53900,0,18386.2
random,54000,0,18441.6
random,54100,0,18425.2
random,54200,0,18624.8
random,54300,0,18344
random,54400,0,18400.4
random,54500,0,18960.8
random,54600,0,19091.8
random,54700,0,19244.6
random,54800,0,19088.6
random,54900,0,19151.2
random,55000,0,18911.2
random,55100,0,18681.6
random,55200,0,18844
random,55300,0,18857.8
random,55400,0,18935.8
random,55500,0,18957
random,55600,0,18927.2
random,55700,0,19028.8
random,55800,0,19060
random,55900,0,19078.8
random,56000,0,19062.4
random,56100,0,19015.8
random,56200,0,19074.4
random,56300,0,19073.6
random,56400,0,19114
random,56500,0,19188.4
random,56600,0,19209.6
random,56700,0,19272
random,56800,0,19288.2
random,56900,0,19307
random,57000,0,19337.6
random,57100,0,19405.4
random,57200,0,19380
random,57300,0,19534.2
random,57400,0,19466
random,57500,0,19495
random,57600,0,19511.8
random,57700,0,19594.6
random,57800,0,19680.2
random,57900,0,19646
random,58000,0,19708.8
random,58100,0,20567.6
random,58200,0,21336
random,58300,0,20710.2
random,58400,0,21151.8
random,58500,0,20235.2
random,58600,0,20520.6
random,58700,0,20507.4
random,58800,0,20564
random,58900,0,20565
random,59000,0,20620
random,59100,0,20628.2
random,59200,0,20667.6
random,59300,0,20682.6
random,59400,0,20703
random,59500,0,20759.6
random,59600,0,20807
random,59700,0,20874.4
random,59800,0,20930.4
random,59900,0,20922.4
random,60000,0,20958.4
random,60100,0,20988.8
random,60200,0,21061.4
random,60300,0,21059.8
random,60400,0,21078.2
random,60500,0,21120.8
random,60600,0,21164.8
random,60700,0,21181.2
random,60800,0,21241.2
random,60900,0,21272.2
random,61000,0,21315.2
random,61100,0,21367.8
random,61200,0,21385.2
random,61300,0,21387.8
random,61400,0,21438.8
random,61500,0,21536.8
random,61600,0,21517.6
random,61700,0,21715.6
random,61800,0,21686.8
random,61900,0,21672.8
random,62000,0,21707.4
random,62100,0,21688.2
random,62200,0,21942
random,62300,0,21752.2
random,62400,0,21950.4
random,62500,0,21806.2
random,62600,0,21547.6
random,62700,0,22054
random,62800,0,22017
random,62900,0,22486.6
random,63000,0,22074
random,63100,0,22132.8
random,63200,0,25232
random,63300,0,22534.4
random,63400,0,22249.4
random,63500,0,22163.2
random,63600,0,23316
random,63700,0,22236.4
random,63800,0,22000.4
random,63900,0,21901.4
random,64000,0,21873.2
random,64100,0,21926.4
random,64200,0,21919
random,64300,0,21957.4
random,64400,0,21970.6
random,64500,0,22016.8
random,64600,0,22027
random,64700,0,22051.4
random,64800,0,22082.8
random,64900,0,22155
random,65000,0,22636.6
random,65100,0,22844.2
random,65200,0,22349.4
random,65300,0,22317.6
random,65400,0,22336.2
random,65500,0,22317.8
random,65600,0,22484.4
random,65700,0,22456.6
random,65800,0,22544.8
random,65900,0,22505.4
random,66000,0,22553.6
random,66100,0,22603.2
random,66200,0,22651
random,66300,0,22700.6
random,66400,0,22730.2
random,66500,0,22782.8
random,66600,0,22816.4
random,66700,0,22865.4
random,66800,0,22919.4
random,66900,0,23015.4
random,67000,0,23022.8
random,67100,0,23064.4
random,67200,0,23076.4
random,67300,0,23190
random,67400,0,23175
random,67500,0,23216.2
random,67600,0,23294.6
random,67700,0,23411
random,67800,0,23380.8
random,67900,0,23376.6
random,68000,0,23401
random,68100,0,23422.2
random,68200,0,23453
random,68300,0,23517.8
random,68400,0,23587.6
random,68500,0,23593.2
random,68600,0,23619
random,68700,0,23664.2
random,68800,0,23713.4
random,68900,0,23718.2
random,69000,0,23733.6
random,69100,0,23830.8
random,69200,0,23859.2
random,69300,0,23950.4
random,69400,0,23935
random,69500,0,24001.2
random,69600,0,24014.6
random,69700,0,24572.8
random,69800,0,25958.8
random,69900,0,25720.6
random,70000,0,25166.2
random,70100,0,24439
random,70200,0,24676.8
random,70300,0,24596
random,70400,0,24649.2
random,70500,0,24721.8
random,70600,0,24746.2
random,70700,0,24681
random,70800,0,24745
random,70900,0,24884.2
random,71000,0,24900
random,71100,0,25038.6
random,71200,0,24955.8
random,71300,0,24986.2
random,71400,0,25038.6
random,71500,0,25043.4
random,71600,0,25086.8
random,71700,0,25165.4
random,71800,0,25192.2
random,71900,0,25254.4
random,72000,0,25563.6
random,72100,0,25633
random,72200,0,25290.6
random,72300,0,25323.8
random,72400,0,25364
random,72500,0,25373.2
random,72600,0,25474
random,72700,0,25529.4
random,72800,0,25535.4
random,72900,0,25592.2
random,73000,0,25604.6
random,73100,0,25650.2
random,73200,0,25687.4
random,73300,0,25748
random,73400,0,25776.6
random,73500,0,25824.8
random,73600,0,26231
random,73700,0,26517
random,73800,0,26321.4
random,73900,0,26292.2
random,74000,0,26425
random,74100,0,26458.8
random,74200,0,26481.6
random,74300,0,26608.8
random,74400,0,26703.4
random,74500,0,26636.8
random,74600,0,26572
random,74700,0,26548.6
random,74800,0,26568.8
random,74900,0,26648.8
random,75000,0,26792.6
random,75100,0,26905.4
random,75200,0,26939.6
random,75300,0,27268
random,75400,0,27085.6
random,75500,0,26870.4
random,75600,0,28995.8
random,75700,0,27615.8
random,75800,0,26870.6
random,75900,0,27878
random,76000,0,27135.6
random,76100,0,26955.8
random,76200,0,26875.6
random,76300,0,26876.6
random,76400,0,26936.2
random,76500,0,26887
random,76600,0,26925.8
random,76700,0,27007
random,76800,0,27041.2
random,76900,0,26985.8
random,77000,0,27041.2
random,77100,0,27113.2
random,77200,0,27376.2
random,77300,0,27449.6
random,77400,0,27394
random,77500,0,27393.8
random,77600,0,28181.4
random,77700,0,28238.6
random,77800,0,28323.2
random,77900,0,28126.6
random,78000,0,27939.8
random,78100,0,27710.6
random,78200,0,27686.2
random,78300,0,27624.2
random,78400,0,27683
random,78500,0,27671
random,78600,0,27790.4
random,78700,0,27801.2
random,78800,0,27776.2
random,78900,0,27984.2
random,79000,0,28075.2
random,79100,0,28057.6
random,79200,0,27984
random,79300,0,28464.2
random,79400,0,28498
random,79500,0,28479
random,79600,0,28434.8
random,79700,0,28491
random,79800,0,28601.4
random,79900,0,28581.8
random,80000,0,28735.8
random,80100,0,28730
random,80200,0,28912.4
random,80300,0,28859.6
random,80400,0,28817.4
random,80500,0,28906
random,80600,0,28836
random,80700,0,28866.4
random,80800,0,28901.6
random,80900,0,28853.6
random,81000,0,28967.4
random,81100,0,28987.2
random,81200,0,28977
random,81300,0,29013.2
random,81400,0,29063.8
random,81500,0,29170.2
random,81600,0,29250.4
random,81700,0,29113
random,81800,0,29145
random,81900,0,29185.4
random,82000,0,29216.6
random,82100,0,29278.8
random,82200,0,29325
random,82300,0,29406.8
random,82400,0,29543.2
random,82500,0,29512.2
random,82600,0,29565.2
random,82700,0,29595.6
random,82800,0,29735.4
random,82900,0,30122.8
random,83000,0,29855.8
random,83100,0,29886
random,83200,0,29834.2
random,83300,0,29823.6
random,83400,0,29842.2
random,83500,0,29910.8
random,83600,0,29892
random,83700,0,29936.4
random,83800,0,29978.2
random,83900,0,30007.8
random,84000,0,29567.4
random,84100,0,29559.6
random,84200,0,29661.6
random,84300,0,29674.4
random,84400,0,29698
random,84500,0,29860.4
random,84600,0,29842
random,84700,0,29911.2
random,84800,0,29925.6
random,84900,0,29933.2
random,85000,0,30060.6
random,85100,0,30064
random,85200,0,30075.4
random,85300,0,30103.8
random,85400,0,30085.4
random,85500,0,30142
random,85600,0,30864.8
random,85700,0,31943.6
random,85800,0,32416.6
random,85900,0,30961.6
random,86000,0,31341.6
random,86100,0,31479.6
random,86200,0,30872.6
random,86300,0,32932
random,86400,0,32267.8
random,86500,0,31124.4
random,86600,0,31212.4
random,86700,0,31059.2
random,86800,0,31026.4
random,86900,0,31035.2
random,87000,0,31055.8
random,87100,0,31102.4
random,87200,0,31146.6
random,87300,0,31354.4
random,87400,0,31063.2
random,87500,0,31191.8
random,87600,0,31652.8
random,87700,0,32024.6
random,87800,0,31623
random,87900,0,31660.8
random,88000,0,31630.4
random,88100,0,31669.8
random,88200,0,31698.2
random,88300,0,31719.8
random,88400,0,31742.6
random,88500,0,31793.6
random,88600,0,31823.4
random,88700,0,31835.8
random,88800,0,31949.8
random,88900,0,31947.4
random,89000,0,33539.6
random,89100,0,32011.2
random,89200,0,32202
random,89300,0,32059.6
random,89400,0,32125.8
random,89500,0,32153.8
random,89600,0,32199.4
random,89700,0,32241.6
random,89800,0,32280
random,89900,0,32305.4
random,90000,0,32329
random,90100,0,32442.6
random,90200,0,32434
random,90300,0,32449
random,90400,0,32496.2
random,90500,0,32559.2
random,90600,0,32547.2
random,90700,0,32636.6
random,90800,0,32644
random,90900,0,32668.6
random,91000,0,32766.2
random,91100,0,32792.4
random,91200,0,32848.8
random,91300,0,32854.6
random,91400,0,32869
random,91500,0,32885.6
random,91600,0,33132.2
random,91700,0,33342.6
random,91800,0,33687.2
random,91900,0,32888.4
random,92000,0,32929.4
random,92100,0,33089.6
random,92200,0,32949.6
random,92300,0,32979.8
random,92400,0,33037.8
random,92500,0,33086.2
random,92600,0,33045.8
random,92700,0,33095.2
random,92800,0,33122.8
random,92900,0,33154.2
random,93000,0,33201.2
random,93100,0,33240
random,93200,0,33260.4
random,93300,0,33287.2
random,93400,0,33366.8
random,93500,0,33358.6
random,93600,0,33382.6
random,93700,0,33444.4
random,93800,0,33404.6
random,93900,0,33474
random,94000,0,33508.4
random,94100,0,33590.2
random,94200,0,33634.8
random,94300,0,33637.4
random,94400,0,33704.6
random,94500,0,33684.8
random,94600,0,33763.2
random,94700,0,33773.8
random,94800,0,33829.4
random,94900,0,33856.4
random,95000,0,33914.6
random,95100,0,34021.4
random,95200,0,34044.2
random,95300,0,34049
random,95400,0,34098.2
random,95500,0,34191
random,95600,0,34174.4
random,95700,0,34177.4
random,95800,0,34251.8
random,95900,0,34273
random,96000,0,34346.6
random,96100,0,34406
random,96200,0,34279.8
random,96300,0,34350
random,96400,0,34353.6
random,96500,0,34382.8
random,96600,0,34433.2
random,96700,0,34525.4
random,96800,0,34539.4
random,96900,0,34497.6
random,97000,0,34635.2
random,97100,0,34607.2
random,97200,0,34678
random,97300,0,34688.6
random,97400,0,34748
random,97500,0,34788.2
random,97600,0,34781
random,97700,0,34849
random,97800,0,34881
random,97900,0,34921.8
random,98000,0,34973.6
random,98100,0,35151
random,98200,0,35098
random,98300,0,35088.4
random,98400,0,35076
random,98500,0,35146.4
random,98600,0,35158.4
random,98700,0,35234.8
random,98800,0,35297.2
random,98900,0,35341.8
random,99000,0,35465.4
random,99100,0,35479.4
random,99200,0,35542.2
random,99300,0,35611.6
random,99400,0,35639.8
random,99500,0,35661.6
random,99600,0,35674.2
random,99700,0,35732.8
random,99800,0,35715.2
random,99900,0,35747.6
random,100000,0,35761
reverse,500,0,93.4
reverse,600,0,115.8
reverse,700,0,136.2
reverse,800,0,160.2
reverse,900,0,181.2
reverse,1000,0,199.2
reverse,1100,0,223.8
reverse,1200,0,247.6
reverse,1300,0,267.2
reverse,1400,0,292
reverse,1500,0,312.4
reverse,1600,0,337
reverse,1700,0,363.8
reverse,1800,0,386.2
reverse,1900,0,405.2
reverse,2000,0,424.2
reverse,2100,0,451.6
reverse,2200,0,477.2
reverse,2300,0,505.2
reverse,2400,0,532.2
reverse,2500,0,547.2
reverse,2600,0,573.8
reverse,2700,0,589.6
reverse,2800,0,622.8
reverse,2900,0,647.4
reverse,3000,0,665
reverse,3100,0,693
reverse,3200,0,719.2
reverse,3300,0,749.4
reverse,3400,0,771
reverse,3500,0,797.6
reverse,3600,0,819
reverse,3700,0,843.4
reverse,3800,0,871.4
reverse,3900,0,890.4
reverse,4000,0,905
reverse,4100,0,925.6
reverse,4200,0,960.6
reverse,4300,0,999
reverse,4400,0,1015.4
reverse,4500,0,1045.8
reverse,4600,0,1066.8
reverse,4700,0,1093.8
reverse,4800,0,1117.8
reverse,4900,0,1139
reverse,5000,0,1165.4
reverse,5100,0,1177.8
reverse,5200,0,1210.4
reverse,5300,0,1237
reverse,5400,0,1260
reverse,5500,0,1291.8
reverse,5600,0,1312.4
reverse,5700,0,1340.8
reverse,5800,0,1364.4
reverse,5900,0,1386.4
reverse,6000,0,1403.8
reverse,6100,0,1430.6
reverse,6200,0,1460.2
reverse,6300,0,1487
reverse,6400,0,1521.8
reverse,6500,0,1544.8
reverse,6600,0,1575.2
reverse,6700,0,1596.6
reverse,6800,0,1623.2
reverse,6900,0,1654.6
reverse,7000,0,1682
reverse,7100,0,1706.2
reverse,7200,0,1733.4
reverse,7300,0,1758.8
reverse,7400,0,1779.4
reverse,7500,0,1809.6
reverse,7600,0,1823.6
reverse,7700,0,1846.4
reverse,7800,0,1868.2
reverse,7900,0,1897.8
reverse,8000,0,1911.8
reverse,8100,0,1933.6
reverse,8200,0,1955
reverse,8300,0,1987
reverse,8400,0,2029.4
reverse,8500,0,2056.4
reverse,8600,0,2086.4
reverse,8700,0,2119.2
reverse,8800,0,2144.2
reverse,8900,0,2181
reverse,9000,0,2204.8
reverse,9100,0,2231.6
reverse,9200,0,2263.4
reverse,9300,0,2283.6
reverse,9400,0,2311.2
reverse,9500,0,2331.6
reverse,9600,0,2358.4
reverse,9700,0,2379.6
reverse,9800,0,2407
reverse,9900,0,2429.2
reverse,10000,0,2461.8
reverse,10100,0,2470.8
reverse,10200,0,2486.4
reverse,10300,0,2517
reverse,10400,0,2548.6
reverse,10500,0,2576.4
reverse,10600,0,2605.8
reverse,10700,0,2632.6
reverse,10800,0,2669
reverse,10900,0,2693
reverse,11000,0,2720.6
reverse,11100,0,2749.4
reverse,11200,0,2775.8
reverse,11300,0,2796.4
reverse,11400,0,2824.2
reverse,11500,0,2855.4
reverse,11600,0,2877
reverse,11700,0,2906.8
reverse,11800,0,2920.6
reverse,11900,0,2951.8
reverse,12000,0,2967.4
reverse,12100,0,2994.6
reverse,12200,0,3020
reverse,12300,0,3053
reverse,12400,0,3075.4
reverse,12500,0,3111
reverse,12600,0,3146.6
reverse,12700,0,3178
reverse,12800,0,3202.8
reverse,12900,0,3251.2
reverse,13000,0,3266.2
reverse,13100,0,3283.2
reverse,13200,0,3318.6
reverse,13300,0,3340.4
reverse,13400,0,3374.4
reverse,13500,0,3416.8
reverse,13600,0,3424
reverse,13700,0,3452.6
reverse,13800,0,3479
reverse,13900,0,3513.4
reverse,14000,0,3535.8
reverse,14100,0,3568.2
reverse,14200,0,3592.4
reverse,14300,0,3623
reverse,14400,0,3644.8
reverse,14500,0,3683.2
reverse,14600,0,3701.6
reverse,14700,0,3728.2
reverse,14800,0,3747.8
reverse,14900,0,3778.4
reverse,15000,0,3803.4
reverse,15100,0,3820.6
reverse,15200,0,3842
reverse,15300,0,3903
reverse,15400,0,3894.4
reverse,15500,0,3910.4
reverse,15600,0,3946
reverse,15700,0,3975.6
reverse,15800,0,3993.2
reverse,15900,0,4037
reverse,16000,0,4031.4
reverse,16100,0,4050.6
reverse,16200,0,4073.2
reverse,16300,0,4101
reverse,16400,0,4120.4
reverse,16500,0,4169
reverse,16600,0,4194.6
reverse,16700,0,4236.6
reverse,16800,0,4273.6
reverse,16900,0,4305.2
reverse,17000,0,4344
reverse,17100,0,4387
reverse,17200,0,4417.8
reverse,17300,0,4431
reverse,17400,0,4453.2
reverse,17500,0,4487.4
reverse,17600,0,4521.2
reverse,17700,0,4557.8
reverse,17800,0,4587
reverse,17900,0,4617.4
reverse,18000,0,4640.2
reverse,18100,0,4677.6
reverse,18200,0,4707.6
reverse,18300,0,4736.8
reverse,18400,0,4767.8
reverse,18500,0,4795.6
reverse,18600,0,4808.6
reverse,18700,0,4846.8
reverse,18800,0,4859.6
reverse,18900,0,4895.6
reverse,19000,0,4928.8
reverse,19100,0,4951.4
reverse,19200,0,4979.2
reverse,19300,0,5009.6
reverse,19400,0,5023.2
reverse,19500,0,5047.6
reverse,19600,0,5076.4
reverse,19700,0,5084.6
reverse,19800,0,5136.6
reverse,19900,0,5141.8
reverse,20000,0,5163.6
reverse,20100,0,5185
reverse,20200,0,5204.4
reverse,20300,0,5222
reverse,20400,0,5248.4
reverse,20500,0,5268.2
reverse,20600,0,5298.8
reverse,20700,0,5336
reverse,20800,0,5374.2
reverse,20900,0,5405.6
reverse,21000,0,5444.4
reverse,21100,0,5462.8
reverse,21200,0,5496.8
reverse,21300,0,5536.8
reverse,21400,0,5561.4
reverse,21500,0,5587.2
reverse,21600,0,5619.4
reverse,21700,0,5661.8
reverse,21800,0,5690.6
reverse,21900,0,5703.4
reverse,22000,0,5743.2
reverse,22100,0,5765.8
reverse,22200,0,5800.6
reverse,22300,0,5816
reverse,22400,0,5856
reverse,22500,0,5882.8
reverse,22600,0,5909.2
reverse,22700,0,5933.2
reverse,22800,0,5963.8
reverse,22900,0,5977.8
reverse,23000,0,6008.4
reverse,23100,0,6037
reverse,23200,0,6061.2
reverse,23300,0,6075.6
reverse,23400,0,6124.6
reverse,23500,0,6131.4
reverse,23600,0,6151.2
reverse,23700,0,6187
reverse,23800,0,6231.4
reverse,23900,0,6238.8
reverse,24000,0,6256.6
reverse,24100,0,6297.8
reverse,24200,0,6312
reverse,24300,0,6330.4
reverse,24400,0,6374.6
reverse,24500,0,6386.6
reverse,24600,0,6417
reverse,24700,0,6453.8
reverse,24800,0,6477.8
reverse,24900,0,6522
reverse,25000,0,6560.4
reverse,25100,0,6584.8
reverse,25200,0,6618.4
reverse,25300,0,6669.6
reverse,25400,0,6696
reverse,25500,0,6715.4
reverse,25600,0,6756.8
reverse,25700,0,6780
reverse,25800,0,6801
reverse,25900,0,6830.8
reverse,26000,0,6865.2
reverse,26100,0,6890.6
reverse,26200,0,6921.4
reverse,26300,0,6956
reverse,26400,0,6967.6
reverse,26500,0,7006.2
reverse,26600,0,7023.8
reverse,26700,0,7062.4
reverse,26800,0,7101.4
reverse,26900,0,7114.2
reverse,27000,0,7143.4
reverse,27100,0,7184.2
reverse,27200,0,7198.4
reverse,27300,0,7244.6
reverse,27400,0,7287.2
reverse,27500,0,7296.8
reverse,27600,0,7327.8
reverse,27700,0,7370.2
reverse,27800,0,7384.6
reverse,27900,0,7423.8
reverse,28000,0,7466
reverse,28100,0,7507.4
reverse,28200,0,7513.6
reverse,28300,0,7535.2
reverse,28400,0,7573.6
reverse,28500,0,7598
reverse,28600,0,7880.4
reverse,28700,0,7972
reverse,28800,0,7832.6
reverse,28900,0,7873
reverse,29000,0,7903.4
reverse,29100,0,7949.4
reverse,29200,0,7972.8
reverse,29300,0,7972.4
reverse,29400,0,7870
reverse,29500,0,7901.2
reverse,29600,0,7906.6
reverse,29700,0,7917
reverse,29800,0,7935.4
reverse,29900,0,7949.4
reverse,30000,0,7978
reverse,30100,0,8024.4
reverse,30200,0,8023
reverse,30300,0,8059.4
reverse,30400,0,8079
reverse,30500,0,8105
reverse,30600,0,8134.8
reverse,30700,0,8183.8
reverse,30800,0,8197
reverse,30900,0,8197.6
reverse,31000,0,8279.8
reverse,31100,0,8309
reverse,31200,0,8322.6
reverse,31300,0,8322.2
reverse,31400,0,8336.6
reverse,31500,0,8392.6
reverse,31600,0,8416
reverse,31700,0,8460.6
reverse,31800,0,8466
reverse,31900,0,8503.2
reverse,32000,0,8509.4
reverse,32100,0,8533.2
reverse,32200,0,8520.6
reverse,32300,0,8555.8
reverse,32400,0,8575.2
reverse,32500,0,8616
reverse,32600,0,8607
reverse,32700,0,8639.4
reverse,32800,0,8678.4
reverse,32900,0,8693.2
reverse,33000,0,8767.8
reverse,33100,0,8820.8
reverse,33200,0,8845.8
reverse,33300,0,8901.8
reverse,33400,0,8918.2
reverse,33500,0,8982.8
reverse,33600,0,8977.6
reverse,33700,0,9024.2
reverse,33800,0,9059.8
reverse,33900,0,9085.2
reverse,34000,0,9163
reverse,34100,0,9173.4
reverse,34200,0,9226.6
reverse,34300,0,9265.2
reverse,34400,0,9241
reverse,34500,0,9267.2
reverse,34600,0,9296
reverse,34700,0,9336.8
reverse,34800,0,9362.6
reverse,34900,0,9393.2
reverse,35000,0,9464
reverse,35100,0,9465.6
reverse,35200,0,9516.4
reverse,35300,0,9523.4
reverse,35400,0,9564.2
reverse,35500,0,9596.6
reverse,35600,0,9678.6
reverse,35700,0,9673.8
reverse,35800,0,9689
reverse,35900,0,9739.2
reverse,36000,0,9752.4
reverse,36100,0,9783
reverse,36200,0,9831.4
reverse,36300,0,9854
reverse,36400,0,9871.4
reverse,36500,0,9920
reverse,36600,0,9932.2
reverse,36700,0,9951
reverse,36800,0,9973.6
reverse,36900,0,10008
reverse,37000,0,10032.6
reverse,37100,0,10068.4
reverse,37200,0,10096.4
reverse,37300,0,10128
reverse,37400,0,10156.6
reverse,37500,0,10189.6
reverse,37600,0,10203
reverse,37700,0,10250.6
reverse,37800,0,10252.4
reverse,37900,0,10286.4
reverse,38000,0,10313.4
reverse,38100,0,10338.4
reverse,38200,0,10365.8
reverse,38300,0,10395.2
reverse,38400,0,10418
reverse,38500,0,10446.6
reverse,38600,0,10468.2
reverse,38700,0,10511
reverse,38800,0,10533.4
reverse,38900,0,10557.6
reverse,39000,0,10588.8
reverse,39100,0,10613.4
reverse,39200,0,10631.6
reverse,39300,0,10676
reverse,39400,0,10694.4
reverse,39500,0,10731.4
reverse,39600,0,10796.8
reverse,39700,0,10764
reverse,39800,0,10818.6
reverse,39900,0,10809.2
reverse,40000,0,10832.6
reverse,40100,0,10878.2
reverse,40200,0,10966.6
reverse,40300,0,10949.8
reverse,40400,0,10974.2
reverse,40500,0,11024.6
reverse,40600,0,11055
reverse,40700,0,11024
reverse,40800,0,11055
reverse,40900,0,11122.4
reverse,41000,0,11143
reverse,41100,0,11142.2
reverse,41200,0,11149.8
reverse,41300,0,11167
reverse,41400,0,11208.2
reverse,41500,0,11276.2
reverse,41600,0,11275.8
reverse,41700,0,11333
reverse,41800,0,11350.6
reverse,41900,0,11380.6
reverse,42000,0,11401.4
reverse,42100,0,11447.4
reverse,42200,0,11461.2
reverse,42300,0,11496.4
reverse,42400,0,11534.8
reverse,42500,0,11572.2
reverse,42600,0,11594.2
reverse,42700,0,11621
reverse,42800,0,11676.4
reverse,42900,0,11719.4
reverse,43000,0,11740.8
reverse,43100,0,11759.2
reverse,43200,0,11788.2
reverse,43300,0,11812.2
reverse,43400,0,11856.8
reverse,43500,0,11890
reverse,43600,0,11925
reverse,43700,0,11946.8
reverse,43800,0,11967.6
reverse,43900,0,12008
reverse,44000,0,12038
reverse,44100,0,12079.4
reverse,44200,0,12102.8
reverse,44300,0,12153.6
reverse,44400,0,12196.2
reverse,44500,0,12216.2
reverse,44600,0,12237.6
reverse,44700,0,12263.8
reverse,44800,0,12355.8
reverse,44900,0,12288.2
reverse,45000,0,12310.2
reverse,45100,0,12369.6
reverse,45200,0,12389.6
reverse,45300,0,12406.8
reverse,45400,0,12454.8
reverse,45500,0,12459.6
reverse,45600,0,12485.6
reverse,45700,0,12503
reverse,45800,0,12539.6
reverse,45900,0,12562.2
reverse,46000,0,12637.8
reverse,46100,0,12662.2
reverse,46200,0,12648.8
reverse,46300,0,12686.8
reverse,46400,0,12760.6
reverse,46500,0,12789.6
reverse,46600,0,12793.8
reverse,46700,0,12877
reverse,46800,0,12855.2
reverse,46900,0,12871.4
reverse,47000,0,12880.4
reverse,47100,0,12906.2
reverse,47200,0,12965.2
reverse,47300,0,12962.4
reverse,47400,0,13011
reverse,47500,0,13023.2
reverse,47600,0,13041.8
reverse,47700,0,13129
reverse,47800,0,13088.6
reverse,47900,0,13112.6
reverse,48000,0,13156
reverse,48100,0,13157.2
reverse,48200,0,13209.2
reverse,48300,0,13223.4
reverse,48400,0,13254.6
reverse,48500,0,13269
reverse,48600,0,13300.2
reverse,48700,0,13320.6
reverse,48800,0,13354
reverse,48900,0,13369.8
reverse,49000,0,13407
reverse,49100,0,13415.4
reverse,49200,0,13463.4
reverse,49300,0,13480.8
reverse,49400,0,13528
reverse,49500,0,13554
reverse,49600,0,13611.6
reverse,49700,0,13699.2
reverse,49800,0,13663.8
reverse,49900,0,13721
reverse,50000,0,13740.8
reverse,50100,0,13785.2
reverse,50200,0,13813.8
reverse,50300,0,14212.6
reverse,50400,0,14817.4
reverse,50500,0,14120
reverse,50600,0,14104.4
reverse,50700,0,14141.4
reverse,50800,0,14209.8
reverse,50900,0,14243.8
reverse,51000,0,14259
reverse,51100,0,14276.4
reverse,51200,0,14335.4
reverse,51300,0,14349.2
reverse,51400,0,14410.4
reverse,51500,0,14386.6
reverse,51600,0,14414.8
reverse,51700,0,14444
reverse,51800,0,14437.8
reverse,51900,0,14499.2
reverse,52000,0,14550.6
reverse,52100,0,14556.2
reverse,52200,0,14593.4
reverse,52300,0,14627.8
reverse,52400,0,14636
reverse,52500,0,14670.4
reverse,52600,0,14688.6
reverse,52700,0,14776
reverse,52800,0,14777.4
reverse,52900,0,14804
reverse,53000,0,14812.6
reverse,53100,0,14856.4
reverse,53200,0,14882.2
reverse,53300,0,14932.8
reverse,53400,0,14945.4
reverse,53500,0,14967.6
reverse,53600,0,14967.4
reverse,53700,0,15022.6
reverse,53800,0,15034.2
reverse,53900,0,15073.2
reverse,54000,0,15107.8
reverse,54100,0,15170.8
reverse,54200,0,15147.6
reverse,54300,0,15184.2
reverse,54400,0,15244.4
reverse,54500,0,15249.6
reverse,54600,0,15279.4
reverse,54700,0,15306.2
reverse,54800,0,15331.8
reverse,54900,0,15351.4
reverse,55000,0,15443.4
reverse,55100,0,15457.4
reverse,55200,0,15446.6
reverse,55300,0,15497.8
reverse,55400,0,15558
reverse,55500,0,15531
reverse,55600,0,15556.6
reverse,55700,0,15588.4
reverse,55800,0,15625.6
reverse,55900,0,15643.2
reverse,56000,0,15688
reverse,56100,0,15714.2
reverse,56200,0,15746.4
reverse,56300,0,17778.4
reverse,56400,0,15885.8
reverse,56500,0,15868.4
reverse,56600,0,15902.2
reverse,56700,0,19600.6
reverse,56800,0,16416.8
reverse,56900,0,16056
reverse,57000,0,16072
reverse,57100,0,16601.8
reverse,57200,0,16691.6
reverse,57300,0,16194.4
reverse,57400,0,16149.4
reverse,57500,0,16134.8
reverse,57600,0,16158.6
reverse,57700,0,16195.8
reverse,57800,0,16192.6
reverse,57900,0,16198.8
reverse,58000,0,16226
reverse,58100,0,16247.2
reverse,58200,0,16255.8
reverse,58300,0,16306.8
reverse,58400,0,16319.2
reverse,58500,0,16390.6
reverse,58600,0,16436.8
reverse,58700,0,16403.2
reverse,58800,0,16406.4
reverse,58900,0,16421.2
reverse,59000,0,16472.4
reverse,59100,0,16493
reverse,59200,0,16548.2
reverse,59300,0,16591.8
reverse,59400,0,16566.8
reverse,59500,0,16601.8
reverse,59600,0,16653.2
reverse,59700,0,16705.6
reverse,59800,0,16701.4
reverse,59900,0,16724.6
reverse,60000,0,16751
reverse,60100,0,16746.6
reverse,60200,0,16791
reverse,60300,0,16833.2
reverse,60400,0,16858.4
reverse,60500,0,16849
reverse,60600,0,16877
reverse,60700,0,16923
reverse,60800,0,16969.4
reverse,60900,0,17003.8
reverse,61000,0,17029.8
reverse,61100,0,17010.8
reverse,61200,0,17063
reverse,61300,0,17077.8
reverse,61400,0,17103
reverse,61500,0,17147.2
reverse,61600,0,17156
reverse,61700,0,17168.8
reverse,61800,0,17224.2
reverse,61900,0,17238.4
reverse,62000,0,17309
reverse,62100,0,17267
reverse,62200,0,17326.2
reverse,62300,0,17454.8
reverse,62400,0,17372.4
reverse,62500,0,17403.2
reverse,62600,0,17422
reverse,62700,0,17541
reverse,62800,0,17489.8
reverse,62900,0,17479
reverse,63000,0,17508.6
reverse,63100,0,17538.4
reverse,63200,0,17549
reverse,63300,0,17583.2
reverse,63400,0,17611.2
reverse,63500,0,17642.8
reverse,63600,0,17639.6
reverse,63700,0,17700.2
reverse,63800,0,17812
reverse,63900,0,17746.8
reverse,64000,0,17754
reverse,64100,0,17782.6
reverse,64200,0,17798.4
reverse,64300,0,17867.4
reverse,64400,0,17825.2
reverse,64500,0,17871.6
reverse,64600,0,17907.2
reverse,64700,0,17926.6
reverse,64800,0,17939.4
reverse,64900,0,17992.6
reverse,65000,0,17999
reverse,65100,0,18050
reverse,65200,0,18139
reverse,65300,0,18131.6
reverse,65400,0,18121
reverse,65500,0,18168.2
reverse,65600,0,18165.6
reverse,65700,0,18205.6
reverse,65800,0,18237.6
reverse,65900,0,18305.6
reverse,66000,0,18409.2
reverse,66100,0,18381.6
reverse,66200,0,18447.8
reverse,66300,0,18488
reverse,66400,0,18560.4
reverse,66500,0,18623
reverse,66600,0,18606.6
reverse,66700,0,18657.2
reverse,66800,0,18666
reverse,66900,0,18735.6
reverse,67000,0,18791.4
reverse,67100,0,18826.2
reverse,67200,0,18834.4
reverse,67300,0,18906.4
reverse,67400,0,18911.4
reverse,67500,0,18976.4
reverse,67600,0,19052.6
reverse,67700,0,19077.6
reverse,67800,0,19088.2
reverse,67900,0,19094.6
reverse,68000,0,19143.6
reverse,68100,0,19203.2
reverse,68200,0,19254.4
reverse,68300,0,19287.8
reverse,68400,0,19308.8
reverse,68500,0,19289.8
reverse,68600,0,19409.2
reverse,68700,0,19400.6
reverse,68800,0,19403
reverse,68900,0,19427.6
reverse,69000,0,19454.2
reverse,69100,0,19477.8
reverse,69200,0,19496.6
reverse,69300,0,19544.4
reverse,69400,0,19611
reverse,69500,0,19610.4
reverse,69600,0,19638.2
reverse,69700,0,19703.4
reverse,69800,0,19748.4
reverse,69900,0,19765.2
reverse,70000,0,19824.6
reverse,70100,0,19872.2
reverse,70200,0,19915.6
reverse,70300,0,19938
reverse,70400,0,19962
reverse,70500,0,20014.4
reverse,70600,0,20030.2
reverse,70700,0,20064.4
reverse,70800,0,20100
reverse,70900,0,20169.8
reverse,71000,0,20200.4
reverse,71100,0,20258.8
reverse,71200,0,20233.8
reverse,71300,0,20254.8
reverse,71400,0,20267.6
reverse,71500,0,20334.2
reverse,71600,0,20376.6
reverse,71700,0,20401.8
reverse,71800,0,20444.6
reverse,71900,0,20454.2
reverse,72000,0,20494
reverse,72100,0,20507.6
reverse,72200,0,20513.8
reverse,72300,0,20568.6
reverse,72400,0,20628.8
reverse,72500,0,20666.4
reverse,72600,0,20767.8
reverse,72700,0,20732
reverse,72800,0,20837.6
reverse,72900,0,20887.6
reverse,73000,0,20890.2
reverse,73100,0,20900
reverse,73200,0,20932.6
reverse,73300,0,21006
reverse,73400,0,21009.8
reverse,73500,0,21049.6
reverse,73600,0,21077
reverse,73700,0,21067.4
reverse,73800,0,21137.6
reverse,73900,0,21112.6
reverse,74000,0,21139.2
reverse,74100,0,21160.8
reverse,74200,0,21211.4
reverse,74300,0,21281.4
reverse,74400,0,21268.8
reverse,74500,0,21280
reverse,74600,0,21315.8
reverse,74700,0,21338.4
reverse,74800,0,21383
reverse,74900,0,21459.4
reverse,75000,0,21470.8
reverse,75100,0,21519.2
reverse,75200,0,21504.2
reverse,75300,0,21524.4
reverse,75400,0,21575
reverse,75500,0,21582.4
reverse,75600,0,21613
reverse,75700,0,21642.2
reverse,75800,0,21704
reverse,75900,0,21722.6
reverse,76000,0,21765.4
reverse,76100,0,21800.6
reverse,76200,0,21794
reverse,76300,0,21817.8
reverse,76400,0,21897.4
reverse,76500,0,21880.8
reverse,76600,0,21899
reverse,76700,0,21938
reverse,76800,0,21993.4
reverse,76900,0,21991.2
reverse,77000,0,22037
reverse,77100,0,22104.8
reverse,77200,0,22417
reverse,77300,0,22161.6
reverse,77400,0,22136.8
reverse,77500,0,22194.4
reverse,77600,0,22166.2
reverse,77700,0,22188.4
reverse,77800,0,22242.6
reverse,77900,0,22190.4
reverse,78000,0,22291.4
reverse,78100,0,22264.2
reverse,78200,0,22264.8
reverse,78300,0,22517.4
reverse,78400,0,22332.4
reverse,78500,0,22357.4
reverse,78600,0,22559.4
reverse,78700,0,22831.8
reverse,78800,0,22716
reverse,78900,0,22806.8
reverse,79000,0,22630.6
reverse,79100,0,22638
reverse,79200,0,23026
reverse,79300,0,22885.8
reverse,79400,0,22918.8
reverse,79500,0,22872.6
reverse,79600,0,23147
reverse,79700,0,22859.6
reverse,79800,0,22876.8
reverse,79900,0,22863.2
reverse,80000,0,22908.6
reverse,80100,0,22918.8
reverse,80200,0,23008
reverse,80300,0,22953.8
reverse,80400,0,22962.8
reverse,80500,0,23094.4
reverse,80600,0,23122.8
reverse,80700,0,23112
reverse,80800,0,23108.4
reverse,80900,0,23139.8
reverse,81000,0,23176.6
reverse,81100,0,23258
reverse,81200,0,23237.6
reverse,81300,0,23296.8
reverse,81400,0,23349.2
reverse,81500,0,23343.8
reverse,81600,0,23363.6
reverse,81700,0,23339.2
reverse,81800,0,23367.4
reverse,81900,0,23391.4
reverse,82000,0,23541.6
reverse,82100,0,23491.8
reverse,82200,0,23542.2
reverse,82300,0,23524.4
reverse,82400,0,23550.2
reverse,82500,0,23898.8
reverse,82600,0,23731.4
reverse,82700,0,25277.8
reverse,82800,0,24662.6
reverse,82900,0,24037
reverse,83000,0,24177.6
reverse,83100,0,24156.6
reverse,83200,0,23947.6
reverse,83300,0,24105.2
reverse,83400,0,23998.4
reverse,83500,0,24084.8
reverse,83600,0,24158.6
reverse,83700,0,24136.8
reverse,83800,0,24497.2
reverse,83900,0,24224.2
reverse,84000,0,24210.4
reverse,84100,0,24144
reverse,84200,0,24259.8
reverse,84300,0,24362.4
reverse,84400,0,24356
reverse,84500,0,24394.8
reverse,84600,0,24322.2
reverse,84700,0,24329.4
reverse,84800,0,24381.8
reverse,84900,0,24408
reverse,85000,0,24422.2
reverse,85100,0,24510
reverse,85200,0,24517.2
reverse,85300,0,24614.8
reverse,85400,0,24480.8
reverse,85500,0,24671.2
reverse,85600,0,24576.6
reverse,85700,0,24674
reverse,85800,0,25008.8
reverse,85900,0,24904.8
reverse,86000,0,24853.4
reverse,86100,0,24851
reverse,86200,0,24875.6
reverse,86300,0,25006.6
reverse,86400,0,25001.6
reverse,86500,0,24964.6
reverse,86600,0,25010.2
reverse,86700,0,26531.2
reverse,86800,0,26082
reverse,86900,0,25806.4
reverse,87000,0,25314
reverse,87100,0,25194
reverse,87200,0,25174.2
reverse,87300,0,25144
reverse,87400,0,25176.2
reverse,87500,0,25231
reverse,87600,0,25841.8
reverse,87700,0,25661.2
reverse,87800,0,25572.4
reverse,87900,0,25376
reverse,88000,0,25423
reverse,88100,0,25421.2
reverse,88200,0,25432.2
reverse,88300,0,25511.8
reverse,88400,0,25482.4
reverse,88500,0,25466.8
reverse,88600,0,25531.4
reverse,88700,0,25535.4
reverse,88800,0,25529
reverse,88900,0,25572.8
reverse,89000,0,25564
reverse,89100,0,25610.8
reverse,89200,0,25647.6
reverse,89300,0,25669.2
reverse,89400,0,25677.6
reverse,89500,0,25760.6
reverse,89600,0,25802.4
reverse,89700,0,25803.2
reverse,89800,0,25831.6
reverse,89900,0,25923.6
reverse,90000,0,25922.6
reverse,90100,0,25924.4
reverse,90200,0,25942.8
reverse,90300,0,25934.4
reverse,90400,0,25985.2
reverse,90500,0,25988
reverse,90600,0,26034
reverse,90700,0,26083.6
reverse,90800,0,26158.8
reverse,90900,0,26102.2
reverse,91000,0,26151.6
reverse,91100,0,26168.4
reverse,91200,0,26229
reverse,91300,0,26284.6
reverse,91400,0,26351.2
reverse,91500,0,26351.2
reverse,91600,0,26366
reverse,91700,0,26415.6
reverse,91800,0,26460
reverse,91900,0,26559.8
reverse,92000,0,26848.8
reverse,92100,0,26676.6
reverse,92200,0,26681.6
reverse,92300,0,26937.2
reverse,92400,0,26849
reverse,92500,0,26757.6
reverse,92600,0,26785.6
reverse,92700,0,26827
reverse,92800,0,26915.6
reverse,92900,0,26939.2
reverse,93000,0,26959.6
reverse,93100,0,26909.8
reverse,93200,0,26909.6
reverse,93300,0,26923.8
reverse,93400,0,26966
reverse,93500,0,27046.2
reverse,93600,0,27067.4
reverse,93700,0,27060.2
reverse,93800,0,27074.6
reverse,93900,0,27101.8
reverse,94000,0,27195.2
reverse,94100,0,27199.8
reverse,94200,0,27176.4
reverse,94300,0,27265.6
reverse,94400,0,27271.4
reverse,94500,0,27355.4
reverse,94600,0,27343.2
reverse,94700,0,27524.8
reverse,94800,0,27394.4
reverse,94900,0,27494.2
reverse,95000,0,27539.2
reverse,95100,0,27529.4
reverse,95200,0,27427
reverse,95300,0,27449.6
reverse,95400,0,27493.8
reverse,95500,0,27597.8
reverse,95600,0,27544.4
reverse,95700,0,27570.2
reverse,95800,0,27616.4
reverse,95900,0,27623.2
reverse,96000,0,27655.4
reverse,96100,0,27768.8
reverse,96200,0,27703.6
reverse,96300,0,27736.4
reverse,96400,0,27849.2
reverse,96500,0,27910.8
reverse,96600,0,27927.2
reverse,96700,0,27899
reverse,96800,0,27974
reverse,96900,0,28035
reverse,97000,0,27965.6
reverse,97100,0,27945.6
reverse,97200,0,27981.4
reverse,97300,0,28067.4
reverse,97400,0,28156.8
reverse,97500,0,28154.8
reverse,97600,0,28247.2
reverse,97700,0,28230.2
reverse,97800,0,28256.2
reverse,97900,0,28161
reverse,98000,0,28193.4
reverse,98100,0,28312.2
reverse,98200,0,28265
reverse,98300,0,28264.2
reverse,98400,0,28302.8
reverse,98500,0,28504
reverse,98600,0,28444.4
reverse,98700,0,28492.4
reverse,98800,0,28452.2
reverse,98900,0,28509.2
reverse,99000,0,28552.6
reverse,99100,0,28544.6
reverse,99200,0,28594.6
reverse,99300,0,28629.2
reverse,99400,0,28659.2
reverse,99500,0,28692
reverse,99600,0,28702.8
reverse,99700,0,28733
reverse,99800,0,28767
reverse,99900,0,28875.8
reverse,100000,0,28835.6
almost,500,0,102.2
almost,600,0,126.6
almost,700,0,147.6
almost,800,0,169.4
almost,900,0,198
almost,1000,0,216.2
almost,1100,0,242.4
almost,1200,0,269.2
almost,1300,0,289.4
almost,1400,0,313.8
almost,1500,0,337.2
almost,1600,0,358.6
almost,1700,0,385.2
almost,1800,0,408.8
almost,1900,0,434
almost,2000,0,453
almost,2100,0,482
almost,2200,0,509.2
almost,2300,0,534
almost,2400,0,560.2
almost,2500,0,592.4
almost,2600,0,611.4
almost,2700,0,633.8
almost,2800,0,663.4
almost,2900,0,686.4
almost,3000,0,705.2
almost,3100,0,731.6
almost,3200,0,760.6
almost,3300,0,789.2
almost,3400,0,809.2
almost,3500,0,837.4
almost,3600,0,861.2
almost,3700,0,890
almost,3800,0,911.4
almost,3900,0,935.4
almost,4000,0,957.2
almost,4100,0,986.6
almost,4200,0,1018.8
almost,4300,0,1043.4
almost,4400,0,1070.8
almost,4500,0,1102.8
almost,4600,0,1128.8
almost,4700,0,1165
almost,4800,0,1181
almost,4900,0,1209.2
almost,5000,0,1226.8
almost,5100,0,1248
almost,5200,0,1271.6
almost,5300,0,1300
almost,5400,0,1353.6
almost,5500,0,1397.2
almost,5600,0,1385.4
almost,5700,0,1405.2
almost,5800,0,1450.6
almost,5900,0,1497.6
almost,6000,0,1487.2
almost,6100,0,1503.8
almost,6200,0,1546.4
almost,6300,0,1572
almost,6400,0,1594.6
almost,6500,0,1666.8
almost,6600,0,1679.2
almost,6700,0,1682.2
almost,6800,0,1707.6
almost,6900,0,1738.2
almost,7000,0,1760.6
almost,7100,0,1799.8
almost,7200,0,1819.6
almost,7300,0,1849.4
almost,7400,0,1860.6
almost,7500,0,1888
almost,7600,0,1928
almost,7700,0,1935
almost,7800,0,1965.8
almost,7900,0,1995.4
almost,8000,0,2011.8
almost,8100,0,2031
almost,8200,0,2057
almost,8300,0,2093
almost,8400,0,2125.4
almost,8500,0,2148.8
almost,8600,0,2172.8
almost,8700,0,2205.2
almost,8800,0,2231.4
almost,8900,0,2256.2
almost,9000,0,2291.4
almost,9100,0,2313
almost,9200,0,2357.2
almost,9300,0,2371.8
almost,9400,0,2404.2
almost,9500,0,2440
almost,9600,0,2472.2
almost,9700,0,2483.4
almost,9800,0,2514.6
almost,9900,0,2538.6
almost,10000,0,2570.8
almost,10100,0,2599.8
almost,10200,0,2630.4
almost,10300,0,2639.8
almost,10400,0,2675.2
almost,10500,0,2699.4
almost,10600,0,2723
almost,10700,0,2751.6
almost,10800,0,2780.2
almost,10900,0,2813
almost,11000,0,2840
almost,11100,0,2865.8
almost,11200,0,2894.2
almost,11300,0,2920.8
almost,11400,0,2949.2
almost,11500,0,2974.4
almost,11600,0,2998
almost,11700,0,3031.4
almost,11800,0,3065.8
almost,11900,0,3074
almost,12000,0,3100.2
almost,12100,0,3132.8
almost,12200,0,3150.8
almost,12300,0,3170.8
almost,12400,0,3207.8
almost,12500,0,3228.2
almost,12600,0,3265.2
almost,12700,0,3318.6
almost,12800,0,3334.6
almost,12900,0,3347.4
almost,13000,0,3385.4
almost,13100,0,3414.8
almost,13200,0,3430.6
almost,13300,0,3462.6
almost,13400,0,3500.2
almost,13500,0,3515.4
almost,13600,0,3554.4
almost,13700,0,3576.4
almost,13800,0,3608.2
almost,13900,0,3641.6
almost,14000,0,3663.6
almost,14100,0,3695.2
almost,14200,0,3720
almost,14300,0,3788.6
almost,14400,0,3791.4
almost,14500,0,3798.6
almost,14600,0,3822.8
almost,14700,0,3828.4
almost,14800,0,3893.8
almost,14900,0,3952
almost,15000,0,3952.6
almost,15100,0,3960
almost,15200,0,3972.2
almost,15300,0,3994.8
almost,15400,0,4038.4
almost,15500,0,4079.4
almost,15600,0,4133.4
almost,15700,0,4102.2
almost,15800,0,4129.4
almost,15900,0,4188.6
almost,16000,0,4264.2
almost,16100,0,4251
almost,16200,0,4255.6
almost,16300,0,4249.6
almost,16400,0,4283.4
almost,16500,0,4328.6
almost,16600,0,4363.4
almost,16700,0,4489.2
almost,16800,0,4861.8
almost,16900,0,4862.6
almost,17000,0,4544.8
almost,17100,0,4565.4
almost,17200,0,4606
almost,17300,0,4716
almost,17400,0,4670
almost,17500,0,4654
almost,17600,0,4701
almost,17700,0,4726
almost,17800,0,4770.4
almost,17900,0,4786.4
almost,18000,0,4815.8
almost,18100,0,4840.2
almost,18200,0,4882.2
almost,18300,0,4917.8
almost,18400,0,4928
almost,18500,0,4986.2
almost,18600,0,4990
almost,18700,0,5027.6
almost,18800,0,5049.4
almost,18900,0,5092
almost,19000,0,5101
almost,19100,0,5138
almost,19200,0,5175
almost,19300,0,5196
almost,19400,0,5223.4
almost,19500,0,5251.8
almost,19600,0,5279
almost,19700,0,5311.4
almost,19800,0,5348.8
almost,19900,0,5371.6
almost,20000,0,5388.4
almost,20100,0,5490
almost,20200,0,5562.6
almost,20300,0,5529.2
almost,20400,0,5519.6
almost,20500,0,5533.2
almost,20600,0,5563.6
almost,20700,0,5581.2
almost,20800,0,5579.2
almost,20900,0,5625.2
almost,21000,0,5665.8
almost,21100,0,5688.4
almost,21200,0,5701.4
almost,21300,0,5717
almost,21400,0,5736.6
almost,21500,0,5769
almost,21600,0,5849.8
almost,21700,0,5844
almost,21800,0,5859
almost,21900,0,5878.4
almost,22000,0,5885.2
almost,22100,0,5925.6
almost,22200,0,5948.6
almost,22300,0,6001.6
almost,22400,0,5982
almost,22500,0,6020
almost,22600,0,6084.6
almost,22700,0,6086.8
almost,22800,0,6107.6
almost,22900,0,6134.4
almost,23000,0,6225.4
almost,23100,0,6209
almost,23200,0,6245.6
almost,23300,0,6243.6
almost,23400,0,6272.2
almost,23500,0,6287.2
almost,23600,0,6330
almost,23700,0,6376.8
almost,23800,0,6723
almost,23900,0,6708.2
almost,24000,0,6626.6
almost,24100,0,6646.4
almost,24200,0,6731.2
almost,24300,0,6660.8
almost,24400,0,6591.4
almost,24500,0,6640.8
almost,24600,0,6647
almost,24700,0,6667
almost,24800,0,6682.8
almost,24900,0,6706
almost,25000,0,6728.8
almost,25100,0,6772.4
almost,25200,0,6789
almost,25300,0,6827.4
almost,25400,0,6856
almost,25500,0,6892
almost,25600,0,6934
almost,25700,0,6968.2
almost,25800,0,6958.8
almost,25900,0,7006
almost,26000,0,7056.8
almost,26100,0,7070
almost,26200,0,7105
almost,26300,0,7222
almost,26400,0,7316.4
almost,26500,0,7510.6
almost,26600,0,7347.6
almost,26700,0,7327.2
almost,26800,0,7418.6
almost,26900,0,7320.4
almost,27000,0,7341
almost,27100,0,7378
almost,27200,0,7406.6
almost,27300,0,7422.4
almost,27400,0,7456.2
almost,27500,0,7486.4
almost,27600,0,7515.8
almost,27700,0,7528.6
almost,27800,0,7572.2
almost,27900,0,7579.4
almost,28000,0,7609.8
almost,28100,0,7644.6
almost,28200,0,7676.6
almost,28300,0,7691.4
almost,28400,0,7724.6
almost,28500,0,7758.2
almost,28600,0,7784.2
almost,28700,0,7825.8
almost,28800,0,7855.6
almost,28900,0,7890
almost,29000,0,7906
almost,29100,0,7928.6
almost,29200,0,7974.8
almost,29300,0,7981
almost,29400,0,7994.2
almost,29500,0,8037.4
almost,29600,0,8263
almost,29700,0,8536.2
almost,29800,0,8412
almost,29900,0,8395.8
almost,30000,0,8441.2
almost,30100,0,8373
almost,30200,0,8413.8
almost,30300,0,8429.8
almost,30400,0,8457.4
almost,30500,0,8490.2
almost,30600,0,8496
almost,30700,0,8492.6
almost,30800,0,8540.2
almost,30900,0,8581.4
almost,31000,0,8618.8
almost,31100,0,8649
almost,31200,0,8675.8
almost,31300,0,8750.6
almost,31400,0,8849.6
almost,31500,0,8745
almost,31600,0,8763
almost,31700,0,8796.4
almost,31800,0,9808
almost,31900,0,9220.4
almost,32000,0,9219.8
almost,32100,0,9071
almost,32200,0,9049
almost,32300,0,8929.2
almost,32400,0,8903.4
almost,32500,0,8939.6
almost,32600,0,8934.2
almost,32700,0,8953.8
almost,32800,0,8993.2
almost,32900,0,9018.4
almost,33000,0,9057
almost,33100,0,9089.4
almost,33200,0,9133.4
almost,33300,0,9140.8
almost,33400,0,9173
almost,33500,0,9216
almost,33600,0,9306.6
almost,33700,0,9294.8
almost,33800,0,9303.6
almost,33900,0,9387
almost,34000,0,9514.8
almost,34100,0,9676.2
almost,34200,0,9610.2
almost,34300,0,9612.4
almost,34400,0,9598.4
almost,34500,0,9670.8
almost,34600,0,9678.6
almost,34700,0,9720.4
almost,34800,0,9710.2
almost,34900,0,9785.6
almost,35000,0,9723
almost,35100,0,9707.2
almost,35200,0,9726.6
almost,35300,0,9781.4
almost,35400,0,9832.2
almost,35500,0,9868
almost,35600,0,9980.2
almost,35700,0,10076
almost,35800,0,10046
almost,35900,0,10065.2
almost,36000,0,10144.4
almost,36100,0,10166.4
almost,36200,0,10219
almost,36300,0,10209.2
almost,36400,0,10177
almost,36500,0,10189.2
almost,36600,0,10246.6
almost,36700,0,10271.4
almost,36800,0,10259.6
almost,36900,0,10276.6
almost,37000,0,10350.6
almost,37100,0,10376.2
almost,37200,0,10393.6
almost,37300,0,10395.6
almost,37400,0,10488.8
almost,37500,0,11802
almost,37600,0,10808.6
almost,37700,0,10553.8
almost,37800,0,10578.8
almost,37900,0,10610
almost,38000,0,10689.6
almost,38100,0,10824
almost,38200,0,10874.2
almost,38300,0,10778.4
almost,38400,0,10798.8
almost,38500,0,10833.2
almost,38600,0,10854.6
almost,38700,0,10856.8
almost,38800,0,10896.4
almost,38900,0,10907.6
almost,39000,0,10932
almost,39100,0,10934.8
almost,39200,0,11012.8
almost,39300,0,11001.8
almost,39400,0,11053.4
almost,39500,0,11086.2
almost,39600,0,11113.2
almost,39700,0,11128.8
almost,39800,0,11123.6
almost,39900,0,11145
almost,40000,0,11190.8
almost,40100,0,13426.8
almost,40200,0,12436.2
almost,40300,0,11495.6
almost,40400,0,12019.6
almost,40500,0,11642.4
almost,40600,0,11798.2
almost,40700,0,11911.6
almost,40800,0,11877.6
almost,40900,0,11962.8
almost,41000,0,11840.8
almost,41100,0,11817.6
almost,41200,0,12002.4
almost,41300,0,11699.8
almost,41400,0,11628.8
almost,41500,0,11683.4
almost,41600,0,11675.8
almost,41700,0,11698.4
almost,41800,0,11881.4
almost,41900,0,11770.2
almost,42000,0,11859.8
almost,42100,0,12189
almost,42200,0,12392.4
almost,42300,0,12143.8
almost,42400,0,12163.2
almost,42500,0,12094.6
almost,42600,0,12185.8
almost,42700,0,12098.8
almost,42800,0,12150.4
almost,42900,0,12160.2
almost,43000,0,12346.6
almost,43100,0,12328.4
almost,43200,0,12374.6
almost,43300,0,12281.4
almost,43400,0,12208.4
almost,43500,0,12311
almost,43600,0,12462.6
almost,43700,0,12592.8
almost,43800,0,12548.4
almost,43900,0,12420.6
almost,44000,0,12419
almost,44100,0,12485.4
almost,44200,0,12556.4
almost,44300,0,12485
almost,44400,0,12492
almost,44500,0,12633.2
almost,44600,0,12646.4
almost,44700,0,12662.8
almost,44800,0,12668.2
almost,44900,0,12762
almost,45000,0,12874.4
almost,45100,0,13366.4
almost,45200,0,13408
almost,45300,0,13230
almost,45400,0,13598.4
almost,45500,0,13384
almost,45600,0,13335.4
almost,45700,0,13519.8
almost,45800,0,13489.6
almost,45900,0,13457.8
almost,46000,0,13314.2
almost,46100,0,13164.6
almost,46200,0,13141.8
almost,46300,0,13135
almost,46400,0,13187.4
almost,46500,0,13250
almost,46600,0,13252.4
almost,46700,0,13301.4
almost,46800,0,13362.8
almost,46900,0,13413.8
almost,47000,0,13497.8
almost,47100,0,13489.8
almost,47200,0,13854
almost,47300,0,13528.6
almost,47400,0,13474.4
almost,47500,0,13466
almost,47600,0,13603.4
almost,47700,0,13566
almost,47800,0,13596.2
almost,47900,0,13616.6
almost,48000,0,14115
almost,48100,0,16933
almost,48200,0,14002.8
almost,48300,0,13879.4
almost,48400,0,13830
almost,48500,0,13671
almost,48600,0,13640.2
almost,48700,0,13703
almost,48800,0,13738.4
almost,48900,0,13741.8
almost,49000,0,13764.4
almost,49100,0,13761.4
almost,49200,0,13791
almost,49300,0,13884.6
almost,49400,0,13870.8
almost,49500,0,13875
almost,49600,0,13931.2
almost,49700,0,14020.4
almost,49800,0,14020.4
almost,49900,0,14092.2
almost,50000,0,14151.4
almost,50100,0,14184
almost,50200,0,14117.4
almost,50300,0,14145
almost,50400,0,14210.8
almost,50500,0,14264.6
almost,50600,0,14585.4
almost,50700,0,14695.6
almost,50800,0,15411.2
almost,50900,0,15840.8
almost,51000,0,15181.2
almost,51100,0,14743.8
almost,51200,0,15067
almost,51300,0,15526.6
almost,51400,0,14887.4
almost,51500,0,15056.6
almost,51600,0,15222.4
almost,51700,0,15105.8
almost,51800,0,15189
almost,51900,0,15228.2
almost,52000,0,15199
almost,52100,0,15596.6
almost,52200,0,15214.2
almost,52300,0,15309.2
almost,52400,0,15175.6
almost,52500,0,15220
almost,52600,0,15223
almost,52700,0,15169.4
almost,52800,0,15243.6
almost,52900,0,15196.4
almost,53000,0,15306.6
almost,53100,0,15203.4
almost,53200,0,15508.6
almost,53300,0,15337.2
almost,53400,0,15551.6
almost,53500,0,15450
almost,53600,0,15690
almost,53700,0,15681.2
almost,53800,0,15777
almost,53900,0,15856
almost,54000,0,15803.8
almost,54100,0,15681.4
almost,54200,0,15773.4
almost,54300,0,15801.6
almost,54400,0,15679.4
almost,54500,0,15772.6
almost,54600,0,15816
almost,54700,0,16301.6
almost,54800,0,16104.8
almost,54900,0,15867.2
almost,55000,0,15923.4
almost,55100,0,15792.4
almost,55200,0,15885.2
almost,55300,0,16395.8
almost,55400,0,16296.2
almost,55500,0,16808.6
almost,55600,0,16308.8
almost,55700,0,16421
almost,55800,0,16174
almost,55900,0,15996.6
almost,56000,0,16096.4
almost,56100,0,16112
almost,56200,0,16235.4
almost,56300,0,16254
almost,56400,0,16244.6
almost,56500,0,16439.4
almost,56600,0,16726.8
almost,56700,0,16661.2
almost,56800,0,16552.8
almost,56900,0,16521.6
almost,57000,0,16330.2
almost,57100,0,16546.4
almost,57200,0,16802.8
almost,57300,0,16675.6
almost,57400,0,16851.6
almost,57500,0,16810.8
almost,57600,0,16852.6
almost,57700,0,16648.8
almost,57800,0,16732.6
almost,57900,0,16730.8
almost,58000,0,16708.8
almost,58100,0,16860.2
almost,58200,0,16859.2
almost,58300,0,16811.4
almost,58400,0,16792.8
almost,58500,0,16790
almost,58600,0,16755.6
almost,58700,0,16802.8
almost,58800,0,16800.4
almost,58900,0,16905.4
almost,59000,0,17411.4
almost,59100,0,16922.8
almost,59200,0,17077.6
almost,59300,0,17138
almost,59400,0,17090.8
almost,59500,0,17091.4
almost,59600,0,17055.4
almost,59700,0,17202
almost,59800,0,17077.4
almost,59900,0,17114.6
almost,60000,0,17145.4
almost,60100,0,17183
almost,60200,0,17268.4
almost,60300,0,17252.4
almost,60400,0,17237.6
almost,60500,0,17269.6
almost,60600,0,17309.6
almost,60700,0,18996.4
almost,60800,0,17695
almost,60900,0,17774.8
almost,61000,0,17712.2
almost,61100,0,21845.6
almost,61200,0,18994
almost,61300,0,18335.6
almost,61400,0,17800.8
almost,61500,0,17748.2
almost,61600,0,17748.2
almost,61700,0,17821.2
almost,61800,0,17879.8
almost,61900,0,17861
almost,62000,0,17706.4
almost,62100,0,17756
almost,62200,0,17726.2
almost,62300,0,17984.6
almost,62400,0,18594.2
almost,62500,0,18286.6
almost,62600,0,18161.8
almost,62700,0,18500
almost,62800,0,18213
almost,62900,0,18000.2
almost,63000,0,18339.6
almost,63100,0,18242.6
almost,63200,0,18304.4
almost,63300,0,18293.4
almost,63400,0,18282.2
almost,63500,0,18393.4
almost,63600,0,18596.6
almost,63700,0,18321.8
almost,63800,0,18602.8
almost,63900,0,19221.6
almost,64000,0,19724
almost,64100,0,21173.4
almost,64200,0,20553.6
almost,64300,0,19292.2
almost,64400,0,18780.2
almost,64500,0,18876
almost,64600,0,18513.4
almost,64700,0,18762.6
almost,64800,0,18729.6
almost,64900,0,19671.4
almost,65000,0,19400.6
almost,65100,0,18957.4
almost,65200,0,18749.8
almost,65300,0,18802.2
almost,65400,0,18969.6
almost,65500,0,19007.6
almost,65600,0,18985.8
almost,65700,0,19051.2
almost,65800,0,19283.4
almost,65900,0,19281.2
almost,66000,0,19142.2
almost,66100,0,18971.6
almost,66200,0,19887.6
almost,66300,0,19358.4
almost,66400,0,19222.4
almost,66500,0,19073.8
almost,66600,0,19103.4
almost,66700,0,19844.4
almost,66800,0,19904.2
almost,66900,0,19963.6
almost,67000,0,19777.4
almost,67100,0,19892
almost,67200,0,19643.4
almost,67300,0,19512.6
almost,67400,0,19532.8
almost,67500,0,19527.2
almost,67600,0,19495.4
almost,67700,0,19674.6
almost,67800,0,19528.6
almost,67900,0,19677.4
almost,68000,0,19605.8
almost,68100,0,19630.8
almost,68200,0,19704
almost,68300,0,19692
almost,68400,0,19754.2
almost,68500,0,19756.8
almost,68600,0,19739.2
almost,68700,0,19791.2
almost,68800,0,19817.8
almost,68900,0,19829.6
almost,69000,0,19887.2
almost,69100,0,19918.8
almost,69200,0,19922.2
almost,69300,0,19977.4
almost,69400,0,19981.4
almost,69500,0,20023
almost,69600,0,20028.4
almost,69700,0,20097
almost,69800,0,20108.4
almost,69900,0,20186.6
almost,70000,0,20185
almost,70100,0,20240.6
almost,70200,0,20260.4
almost,70300,0,20282
almost,70400,0,20363.2
almost,70500,0,20395
almost,70600,0,20385.2
almost,70700,0,20437.4
almost,70800,0,20489.2
almost,70900,0,20580.6
almost,71000,0,20628
almost,71100,0,20609.8
almost,71200,0,20833.8
almost,71300,0,20683.6
almost,71400,0,20803
almost,71500,0,20711
almost,71600,0,20756.6
almost,71700,0,20852.6
almost,71800,0,20877.6
almost,71900,0,20959
almost,72000,0,20926.2
almost,72100,0,21089.8
almost,72200,0,21271.2
almost,72300,0,21152.4
almost,72400,0,21339
almost,72500,0,21276.8
almost,72600,0,21159
almost,72700,0,21302.8
almost,72800,0,21365.8
almost,72900,0,22424.8
almost,73000,0,22476.4
almost,73100,0,21508.4
almost,73200,0,21329.6
almost,73300,0,21404.6
almost,73400,0,21598.8
almost,73500,0,21465
almost,73600,0,21447.2
almost,73700,0,21535.8
almost,73800,0,21499.8
almost,73900,0,21609.8
almost,74000,0,21586.2
almost,74100,0,21590.6
almost,74200,0,21721.6
almost,74300,0,21816
almost,74400,0,21690.4
almost,74500,0,21979.2
almost,74600,0,21845
almost,74700,0,21825.4
almost,74800,0,21863
almost,74900,0,21877.6
almost,75000,0,21842.6
almost,75100,0,21884.6
almost,75200,0,21907.8
almost,75300,0,21991.8
almost,75400,0,21975.2
almost,75500,0,22010.8
almost,75600,0,22043
almost,75700,0,22075.2
almost,75800,0,22214.6
almost,75900,0,22207.8
almost,76000,0,22207.8
almost,76100,0,22250
almost,76200,0,22272.4
almost,76300,0,22315.6
almost,76400,0,22310.6
almost,76500,0,22325.2
almost,76600,0,22337.6
almost,76700,0,22396
almost,76800,0,22387.2
almost,76900,0,22473.4
almost,77000,0,22486.6
almost,77100,0,22504.6
almost,77200,0,22553.4
almost,77300,0,22566.6
almost,77400,0,22593.8
almost,77500,0,22639.2
almost,77600,0,22683.8
almost,77700,0,22726.2
almost,77800,0,22754.4
almost,77900,0,22781.6
almost,78000,0,22826.4
almost,78100,0,22863.6
almost,78200,0,22895
almost,78300,0,22920.8
almost,78400,0,22929.2
almost,78500,0,23005
almost,78600,0,23001
almost,78700,0,23021.6
almost,78800,0,23056
almost,78900,0,23076.2
almost,79000,0,23164.2
almost,79100,0,23197.6
almost,79200,0,23580.4
almost,79300,0,23320.8
almost,79400,0,23580.4
almost,79500,0,23340.4
almost,79600,0,23219
almost,79700,0,23320.2
almost,79800,0,23270
almost,79900,0,23335.6
almost,80000,0,23281.4
almost,80100,0,23518.4
almost,80200,0,23446.6
almost,80300,0,23419.2
almost,80400,0,23574.8
almost,80500,0,23575.6
almost,80600,0,23805.2
almost,80700,0,23630
almost,80800,0,23637.6
almost,80900,0,23638.6
almost,81000,0,23751
almost,81100,0,23848.6
almost,81200,0,23709.8
almost,81300,0,23843.6
almost,81400,0,23850.8
almost,81500,0,23823.2
almost,81600,0,23847.8
almost,81700,0,23921.4
almost,81800,0,23890
almost,81900,0,23856.8
almost,82000,0,23906.8
almost,82100,0,23939.2
almost,82200,0,24007.2
almost,82300,0,23997.4
almost,82400,0,24970
almost,82500,0,25539.6
almost,82600,0,24606
almost,82700,0,24399.8
almost,82800,0,24350.4
almost,82900,0,24355.6
almost,83000,0,24384.2
almost,83100,0,24469.4
almost,83200,0,24634.6
almost,83300,0,24763.6
almost,83400,0,24767
almost,83500,0,25058.2
almost,83600,0,24850.8
almost,83700,0,25010.2
almost,83800,0,24951.2
almost,83900,0,25042.2
almost,84000,0,24755.6
almost,84100,0,24689
almost,84200,0,24735.8
almost,84300,0,24757.8
almost,84400,0,24819.4
almost,84500,0,25352
almost,84600,0,24888.4
almost,84700,0,25035.8
almost,84800,0,25135.6
almost,84900,0,24978.8
almost,85000,0,24887.6
almost,85100,0,25003
almost,85200,0,25279.2
almost,85300,0,25130.4
almost,85400,0,25266.8
almost,85500,0,25336.6
almost,85600,0,25435
almost,85700,0,25189.2
almost,85800,0,25154.2
almost,85900,0,25398.2
almost,86000,0,25305
almost,86100,0,25376
almost,86200,0,25632.2
almost,86300,0,25281.4
almost,86400,0,25433.2
almost,86500,0,25407.2
almost,86600,0,25393.6
almost,86700,0,25529.4
almost,86800,0,25657.8
almost,86900,0,26129.4
almost,87000,0,26723.6
almost,87100,0,26366
almost,87200,0,25921.2
almost,87300,0,26152.8
almost,87400,0,26062.6
almost,87500,0,25888
almost,87600,0,25946.6
almost,87700,0,25862.8
almost,87800,0,25968.6
almost,87900,0,26402.2
almost,88000,0,26344.2
almost,88100,0,26283.4
almost,88200,0,26289.6
almost,88300,0,26414.4
almost,88400,0,26017.2
almost,88500,0,27187.6
almost,88600,0,26731.2
almost,88700,0,27243.4
almost,88800,0,26712.4
almost,88900,0,27040
almost,89000,0,27122.2
almost,89100,0,26969.2
almost,89200,0,26849
almost,89300,0,27054.6
almost,89400,0,26860.8
almost,89500,0,27059.8
almost,89600,0,27148.6
almost,89700,0,26912
almost,89800,0,27225.2
almost,89900,0,26933.2
almost,90000,0,26994.8
almost,90100,0,26938.4
almost,90200,0,27059
almost,90300,0,27081.6
almost,90400,0,27030.2
almost,90500,0,27335.2
almost,90600,0,27326.4
almost,90700,0,27329
almost,90800,0,27142.2
almost,90900,0,27307.4
almost,91000,0,27625.6
almost,91100,0,27084.6
almost,91200,0,28056.4
almost,91300,0,27572
almost,91400,0,27422.2
almost,91500,0,27178.6
almost,91600,0,27197
almost,91700,0,27109
almost,91800,0,27013.4
almost,91900,0,27018.4
almost,92000,0,27042
almost,92100,0,27068.6
almost,92200,0,27104.2
almost,92300,0,27100.2
almost,92400,0,27191.8
almost,92500,0,27163.6
almost,92600,0,27274.8
almost,92700,0,27419
almost,92800,0,27402.8
almost,92900,0,27368.8
almost,93000,0,27401.2
almost,93100,0,27503
almost,93200,0,27487.2
almost,93300,0,27398.2
almost,93400,0,27484.4
almost,93500,0,27486.4
almost,93600,0,27478.4
almost,93700,0,27489.4
almost,93800,0,27488.8
almost,93900,0,27640.6
almost,94000,0,27583.2
almost,94100,0,27615
almost,94200,0,27668
almost,94300,0,27684.4
almost,94400,0,27711.4
almost,94500,0,27721.6
almost,94600,0,27827.6
almost,94700,0,28209.6
almost,94800,0,28192
almost,94900,0,28291.2
almost,95000,0,28384.2
almost,95100,0,28386.6
almost,95200,0,28112
almost,95300,0,28115
almost,95400,0,28133.2
almost,95500,0,28155.2
almost,95600,0,28195.2
almost,95700,0,28281.2
almost,95800,0,28253.4
almost,95900,0,28959.8
almost,96000,0,28788.8
almost,96100,0,28613.2
almost,96200,0,28846
almost,96300,0,28729.2
almost,96400,0,28705
almost,96500,0,28502.8
almost,96600,0,28810
almost,96700,0,28598.4
almost,96800,0,28570.6
almost,96900,0,28542.2
almost,97000,0,28436.8
almost,97100,0,28525
almost,97200,0,28503.6
almost,97300,0,28548.6
almost,97400,0,28636.6
almost,97500,0,28636
almost,97600,0,28656
almost,97700,0,28771.8
almost,97800,0,28954.4
almost,97900,0,28970.2
almost,98000,0,28929.2
almost,98100,0,28976.4
almost,98200,0,28992.2
almost,98300,0,29003.4
almost,98400,0,29049.4
almost,98500,0,29108.8
almost,98600,0,29168.4
almost,98700,0,29126.2
almost,98800,0,29217.4
almost,98900,0,29240.8
almost,99000,0,29205.2
almost,99100,0,29263
almost,99200,0,29337.6
almost,99300,0,29301.8
almost,99400,0,29344.2
almost,99500,0,29414.4
almost,99600,0,29388
almost,99700,0,29408.2
almost,99800,0,29464.4
almost,99900,0,29536.2
almost,100000,0,29518.2
